{
  "login": {
    "username": "admin",
    "password": "123456"
  },
  "users": [
    {
      "user_name": "name1555",
      "created_date": "2020-11-18",
      "user_address": "地址11",
      "id": "083f5c55-686b-48b8-8459-c99cef88b5c2"
    },
    {
      "id": "6389a936-dce6-42b2-8c20-09ec650225d0",
      "user_name": "姓名3",
      "created_date": "333",
      "user_address": "地址3"
    },
    {
      "id": "7efed00b-5456-46cf-87bc-576bb6ef6e65",
      "user_name": "aa",
      "created_date": "aa",
      "user_address": "bb"
    },
    {
      "id": "2b6f17b4-4c1f-493f-9e6a-bf6f6d5f9603",
      "user_name": "cc",
      "created_date": "cc",
      "user_address": "cc"
    }
  ],
  "products": [
    {
      "image": "https://timgsa.baidu.com/timg?image&quality=80&size=b9999_10000&sec=1606236626697&di=4c9f72eea6cca76ef298d7f75a53a475&imgtype=0&src=http%3A%2F%2Fwww.people.com.cn%2Fmediafile%2Fpic%2F20180303%2F68%2F4347620142589449084.jpg",
      "name": "商品名称",
      "detail": "这里是商品详情描述",
      "price": "99.99",
      "id": "ca4de34a-cb44-4636-9f5a-c8c2ce8311ed"
    },
    {
      "id": "819fa031-e3af-42f7-809d-6a0380ac953d",
      "image": "https://timgsa.baidu.com/timg?image&quality=80&size=b9999_10000&sec=1606279067415&di=6d3c6b741c1886981d9043c9be43b5de&imgtype=0&src=http%3A%2F%2Fassets.burberry.com%2Fis%2Fimage%2FBurberryltd%2Fc69904d43092cced0605842a8e287db3fb11f328.jpg%3F%2524BBY_V2_SL_1X1%2524%3D%26wid%3D1006%26hei%3D1006",
      "name": "商品名称",
      "detail": "商品描述",
      "price": "99.9"
    }
  ]
}