{
  "login": {
    "username": "admin",
    "password": "123456"
  },
  "users": [
    {
      "id": "083f5c55-686b-48b8-8459-c99cef88b5c2",
      "user_name": "name1",
      "created_date": "2020-11-18",
      "user_address": "地址11"
    },
    {
      "id": "534aab00-1173-4db6-a01e-649c26f09f91",
      "user_name": "姓名2",
      "created_date": "2020-11-17",
      "user_address": "注册地址2"
    },
    {
      "id": "6389a936-dce6-42b2-8c20-09ec650225d0",
      "user_name": "姓名3",
      "created_date": "333",
      "user_address": "地址3"
    },
    {
      "id": "7efed00b-5456-46cf-87bc-576bb6ef6e65",
      "user_name": "aa",
      "created_date": "aa",
      "user_address": "bb"
    },
    {
      "id": "2b6f17b4-4c1f-493f-9e6a-bf6f6d5f9603",
      "user_name": "cc",
      "created_date": "cc",
      "user_address": "cc"
    },
    {
      "id": "dbe35eb5-6f1d-4618-8a2f-49040e1d8364",
      "user_name": "99",
      "created_date": "99",
      "user_address": "99"
    }
  ]
}
