{
	"login": {
		"username": "admin",
		"password": "123456"
	},
	"users": [
		{
			"register_time": "2019-05-02",
			"username": "张三",
			"city": "北京市石景山区001"
		},
		{
			"register_time": "2019-05-03",
			"username": "李四",
			"city": "北京市石景山区"
		},
		{
			"register_time": "2019-05-02",
			"username": "张三",
			"city": "北京市石景山区001"
		},
		{
			"register_time": "2019-05-03",
			"username": "李四",
			"city": "北京市石景山区"
		},
		{
			"register_time": "2019-05-02",
			"username": "张三",
			"city": "北京市石景山区001"
		},
		{
			"register_time": "2019-05-03",
			"username": "李四",
			"city": "北京市石景山区"
		},
		{
			"register_time": "2019-05-02",
			"username": "张三",
			"city": "北京市石景山区001"
		},
		{
			"register_time": "2019-05-03",
			"username": "李四",
			"city": "北京市石景山区"
		},
		{
			"register_time": "2019-05-03",
			"username": "李四",
			"city": "北京市石景山区"
		},
		{
			"register_time": "2019-05-02",
			"username": "张三",
			"city": "北京市石景山区001"
		}
	]
}